model_num,model_class,optimalizer,learning_rate,layers_count_all,layers_count_dense,layers_count_dropout,parameters_trainable,parameters_non_trainable,layers_types,layers_output,layers_activation,fold,epoch,accuracy_score_train,roc_auc_score_train,f1_score_train,loss_train,precision_score_train,recall_score_train,accuracy_score_test,roc_auc_score_test,f1_score_test,precision_score_test,time_train,time_pred,model_size_bytes,model_parameters_non_zero,model_sparsity
0,Sequential,adadelta,0.00100000,2,2,0,101,0,Dense;Dense,2;1,relu;sigmoid,4.50000000,10.00000000,0.37477778,0.55676925,0.82352930,1.06268896,0.78551765,0.14285715,0.37200000,0.55697617,0.82352930,0.78798969,0.21257508,0.18202014,23138.00000000,101.00000000,0.00000000
1,Sequential,adafactor,0.00100000,2,2,0,101,0,Dense;Dense,2;1,relu;sigmoid,4.50000000,10.00000000,0.66266666,0.54724750,0.82352930,0.76459755,0.72154104,0.84714285,0.66400000,0.54719047,0.82352930,0.72367913,0.21395938,0.18447683,24129.00000000,101.00000000,0.00000000
2,Sequential,adagrad,0.00100000,2,2,0,101,0,Dense;Dense,2;1,relu;sigmoid,4.50000000,10.00000000,0.69922222,0.53014138,0.82352930,0.68134227,0.70003399,0.99857143,0.69999999,0.52669048,0.82352930,0.70040815,0.22187431,0.18602152,21161.00000000,99.00000000,1.98000000
3,Sequential,adam,0.00100000,2,2,0,101,0,Dense;Dense,2;1,relu;sigmoid,4.50000000,10.00000000,0.69999999,0.50322751,0.82352930,0.61456418,0.69999999,1.00000000,0.69999999,0.50000000,0.82352930,0.69999999,0.21659567,0.18395309,23167.00000000,98.00000000,2.97000000
